title,price,imageUrl,productLink
Shop on eBay,$20.00,https://ir.ebaystatic.com/rs/v/fxxj3ttftm5ltcqnto1o4baovyl.png,https://ebay.com/itm/123456?hash=item28caef0a3a:g:E3kAAOSwlGJiMikD&amdata=enc%3AAQAHAAAAsJoWXGf0hxNZspTmhb8%2FTJCCurAWCHuXJ2Xi3S9cwXL6BX04zSEiVaDMCvsUbApftgXEAHGJU1ZGugZO%2FnW1U7Gb6vgoL%2BmXlqCbLkwoZfF3AUAK8YvJ5B4%2BnhFA7ID4dxpYs4jjExEnN5SR2g1mQe7QtLkmGt%2FZ%2FbH2W62cXPuKbf550ExbnBPO2QJyZTXYCuw5KVkMdFMDuoB4p3FwJKcSPzez5kyQyVjyiIq6PB2q%7Ctkp%3ABlBMULq7kqyXYA
Nike Air Jordan Retro 1 HIGH OG Next Chapter Spider-verse DV1748-601 Spiderman,$219.90 to $409.90,https://i.ebayimg.com/thumbs/images/g/crcAAOSwyhVkZW80/s-l300.jpg,https://www.ebay.com/itm/325659635668?hash=item4bd2d3afd4:g:crcAAOSwyhVkZW80&amdata=enc%3AAQAIAAAA4AsYvLBTqcG%2Fx1sOV6zflTJgg%2BteYLazEy%2FxQ8M8Z6RJbXbVtjhkHZwNTzDFFiHv7Z9WBc81Vha8r4USJOfdAqcs%2FnYHJNPEdPBKJKWuO4tOIvSCe4d%2F%2FUSqlzSSg0fkkfSxrZXsqgMF0LD2bKckCROBZ%2BOAAhubiCnWNTdaT%2BX9e3Ez8%2FW75Vlz4ddeJzEPouCw0oSddKg9ktvy6WUpvISwj9fNaxQyBk%2FIXtQ6UgIuI0NpAszfW5Bo6ItTVJpJoTsya2LuyNAyrh%2FA3K2N2ZG%2BY0UMeCD73kq6f4kASgBP%7Ctkp%3ABk9SR8LjlbKYYg
Nike Air Jordan 1 Low Black Medium Particle Grey White Men AJ1 Shoes 553558-040,$154.99,https://i.ebayimg.com/thumbs/images/g/HIMAAOSwdxpkJnLL/s-l300.jpg,https://www.ebay.com/itm/314493355010?epid=7048579172&hash=item493943c402:g:HIMAAOSwdxpkJnLL&amdata=enc%3AAQAIAAAA4FrCW4GKg8N7IAVYFEvfXZJzSdx8LpxMmgzeu%2Bj2TOW0xpxhbwBEYAMYrf7XIH%2B68srEz%2Bxl9YWe%2B9WFRC%2FKxwWEiwUCr0ht7IYKeXIzExh%2FAZjY3FX%2FHGpvhsEBHIkLy8GccbDUgPSdqNBa6izDNWh%2FBFaryr7mtM2KqcyBS%2FAb8RLSP2rGPoP%2Fc34%2BPEwTlppq3h0qFZ9ye8DslfxGukIvm0b3NrYWvhudbzld24yjI%2F2CDCscJL1P5qxz417wXvvrzB1xMzv0daDPw9Q76lYoWs3O7F7zoRmyqbcwNG%2Bi%7Ctkp%3ABk9SR8LjlbKYYg
Nike Air Jordan 11 ‚ÄúBred‚Äù 2019 378037-051 Men Size 11.5,$26.00,https://i.ebayimg.com/thumbs/images/g/oA8AAOSw26NkhmaX/s-l300.jpg,https://www.ebay.com/itm/385685938477?epid=2332048698&hash=item59ccac612d:g:oA8AAOSw26NkhmaX&amdata=enc%3AAQAIAAAA4APfAKtHCIInyvJR%2FwOnshXtXngvmWHYF%2Frxo1rIKSvsz8OQZVDd%2BipJWEn8fE%2BvviMqneDKtCsFbL%2FBF0YMW%2F68b3Nn6%2BUhlSaM2oDcV72yQ9Br9JlhkurDKDSEFf4Ai4WqLc45tBJwlMV0%2Ff6WVJvwH%2FVIWr0HsBBTfENhpnyixMPw1JY5y0VYkYhNkGYQugOoGg9CJ%2FEn8JmbzFwN3bSRinjtpJjI5RgyTR3y1L3Rt52LX0Xa1cUAAv3OhoQ6dFuTFwTe8H0ZGfGRxdoG79flXRFGQxzbkPqvibfActSv%7Ctkp%3ABk9SR8LjlbKYYg
NEW Nike Jordan Air Ship PE SP Tech Grey DZ3497-100 Men's,$114.99 to $134.99,https://i.ebayimg.com/thumbs/images/g/6nUAAOSwITJkg86I/s-l300.jpg,https://www.ebay.com/itm/266292533748?epid=12057798196&hash=item3e004599f4:g:6nUAAOSwITJkg86I&amdata=enc%3AAQAIAAAA4JyH2lISxYBD3No6zewitvii6eL%2F22hnaskeypJZq5%2BuMlLnJQx9qI%2BoTUJD73sFp8qZtSIStEup1gslwc3U1dgsJDtoE2XQCsQEwx57Y253ybk0CdiViIVf8w9ksqAbd3rbbPNK7%2F0jXMCU8O8iVf23NKw7DayZOd4hqLmABeQ7S%2B50kHiNRnGAn4nfHsR1kMj5POLumP1fBWjMYlUUsKq95XGLTK2%2BJ3a6cuk22JmFRyC4R8ox%2F%2BchluDYFs3zEltES91Xp7klR%2Bukyb7h3rH9B2tqLcEWN8lUeZX3JJx3%7Ctkp%3ABk9SR8LjlbKYYg
üî•NIKE AIR JORDAN 1 LOW SE CONCORD SPACE JAM DV1309-100 / DV1333-100 MEN/GS NEW,$134.99 to $199.99,https://i.ebayimg.com/thumbs/images/g/WiYAAOSww75jzuKk/s-l300.jpg,https://www.ebay.com/itm/134422415874?epid=6058929047&hash=item1f4c334a02:g:WiYAAOSww75jzuKk&amdata=enc%3AAQAIAAAAwIfDyDWYBs2EndbalpY3U%2FqQTbYeBQi1if4OuwR5C9ISaqxAFV29jcBJ3maxb3pfCrfKJuWsrrZq57k07dh8tvLco1gr%2F8Y4%2BKng1QNu3lkXLd9%2BHFzYA9TokocNzzNoNpNjQqtkHsW9UkRSmYoZpce8zpEGBpgGyhUAtSNYCtQTdjXzgib%2B9qlRchmk3gCO43pnjsVCvxmEX5bZoQvIx2whWQ3GvoYvlHcWWeTFxrJslNaFLswm7lQarnvD1FTicw%3D%3D%7Ctkp%3ABk9SR8LjlbKYYg
Sz 8-13 Nike Air Jordan 1 Retro High OG Spiderman Next Chapter DV1748-601,$109.99 to $384.99,https://i.ebayimg.com/thumbs/images/g/aW0AAOSwR21kaHx1/s-l300.jpg,https://www.ebay.com/itm/185905824522?hash=item2b48d9c30a:g:aW0AAOSwR21kaHx1&amdata=enc%3AAQAIAAAA4FMoCCd6NAoDsF4SvGqJBM%2FtQ1qnSglcqCqZyWnw0vlqMue37LtRiSQ%2Fg3B1pVYewlQ5mM6H%2FPxHKGFAH5Uvn%2B%2FiEXR1y5o5xNNnpUKgN9jZsupUAe%2FTUd2LYvD%2BQ4kW6mAtz7WsSKnxbbzavjwgBb0mQZLht04bILMOCtskB3hqOs9vtLCpxtTF2fxN96OhE4xXrcmps3Y2AGNNgY4Ngndr0supTwysqVCknYMPnG0lFPXO7SSbvokh1zEYIOegPPmCgbm6%2Ff%2B%2FLrIf5BFgVNzLKxQQM06VftSPLMJSg93v%7Ctkp%3ABk9SR8LjlbKYYg
Nike Air Jordan 1 Mid Alternate Bred(2022) DQ8426-060[MENS] and DQ8423-060[GS],$79.99 to $99.99,https://i.ebayimg.com/thumbs/images/g/MYgAAOSw8~hkfMP0/s-l300.jpg,https://www.ebay.com/itm/266285270049?epid=21058292618&hash=item3dffd6c421:g:MYgAAOSw8~hkfMP0&amdata=enc%3AAQAIAAAA4OFN0OXIS3HO1gSpkYKN1Tca7kvaFxISUTFQCp%2B%2BPGfPcskMlxXewP4KS6ddtikeNYsOoDkqAV73miklJc1B0ehvNq%2FKCFpZPAyd5iaMvnObll8oSheM5ZZS1aaDcbdg3Sx70Iqks56WJk32UTqwEtoglJsOXcSsd%2FQHikFeJ%2B2IDBDYfpQQOZnCERPfajiM6xUPHrP6%2F2q5GtqFidUdxZh6tw6QSOs%2B%2FrBppaT6bK%2B2y6ymWatPysM5JpKnjq3oyrqqVoM1kUY%2FMmcK1mrNTPBH19PjkCmNRCP8%2BOTja%2Fan%7Ctkp%3ABk9SR8LjlbKYYg
Nike Air Jordan Retro 13 BLACK FLINT 2023 Grey DJ5982-060 Men & GS 4y-13 NEW,$182.30 to $299.90,https://i.ebayimg.com/thumbs/images/g/I44AAOSw7P9kQYAs/s-l300.jpg,https://www.ebay.com/itm/225543090717?epid=4057803747&hash=item34836a721d:g:I44AAOSw7P9kQYAs&amdata=enc%3AAQAIAAAA4ChDasasIPpiBV%2FfD3s8xlhECURLV%2BODgeIKBQ0DpSPm5YcBYcFQQpuTvllDSzFmyMAxHw0qOXmrf0EvHRMeWXcrTHxBMYLsRxK7AuZx2iuAkSgwM0QzwXiedS7a3BWaF2peYG6lmV%2F7NpXAukVqzM4uHXP8Yf%2B1hgEpGA2D82m8fipvEmPpRrPgAlK85HB38S2tBw7jTKpXS64KEWqafSsuIK1%2BmzVGsHLTsNPsgvpFf0hdJyNnZJhz%2F3uiM%2BAOvr8n%2FP7pUYulZebBrDyI3iLDgkr3PtlTKkrrFDpWTQJK%7Ctkp%3ABk9SR8TjlbKYYg
Nike Air Jordan 1 Mid SE White Ice Blue Men AJ1 Casual Lifestyle Shoe DV1308-104,$154.99,https://i.ebayimg.com/thumbs/images/g/xmwAAOSwPL5j9DV-/s-l300.jpg,https://www.ebay.com/itm/295537485310?epid=16059131104&hash=item44cf6825fe:g:xmwAAOSwPL5j9DV-&amdata=enc%3AAQAIAAAAwFXN1B0d7ND4mVRizrbI7nBRhHgV2rQxUuOzdOFkPrU%2FB%2FKeMBs1tDL%2FgWmoxwYUUILPQCZ9KoSTlAGE9n2%2B7qfSxaQvG54rikjRo52rg2EOIZobxJOiCE7Hel7EzoHizYz8AtMD5%2B%2F43GtvQiZraei02vN6maO%2B7omniycDqERZDsEYXt1CQnKEDpzCe1c8F3svqxqzzRKI2lz0KzDcGCrRa8Vb%2FwuoYklVh6tJIdMv3Q41ztrMrc7YCjgO3GuJNw%3D%3D%7Ctkp%3ABk9SR8TjlbKYYg
Nike Air Jordan 6 Rings Black Ice White Space Jam Concord 322992-011 Men's Retro,$129.99,https://i.ebayimg.com/thumbs/images/g/r-QAAOSwK19kfKEz/s-l300.jpg,https://www.ebay.com/itm/304966838909?epid=25039794291&hash=item470170aa7d:g:r-QAAOSwK19kfKEz&amdata=enc%3AAQAIAAAA4I%2FHc4tg7fnK5uQDW282ba0hmkk52BJTJDhGhUUOC4B2HyqMBfkj3iZf0hdUBwY%2FwYKrIH2%2Fwmfb7uFlMzl0%2FxQQsgawDrV0XqJTosMtpU81HH2MJP3hI9xhf%2FbD59XG0yB0n6m%2B03Hddm9%2BVaxXtnM2t76F7fpO7kdDX6Dv6zsFfvOc48ub0uKnfBGDv7REb1agKAqxhcjazMaNA2Jb2VgdObF8SBz2BONmiv5TYAbNo4QB2NB0uepN6KwQ0vcYqc%2BjX4wCb4iIwr1wRb4rqSIdCMq%2FXQo2E0qwz99Te8y%2B%7Ctkp%3ABk9SR8TjlbKYYg
Air Jordan 1 Low Travis Scott Black Phantom DM7866-001 Fashion Shoes,$460.00 to $655.00,https://i.ebayimg.com/thumbs/images/g/6VMAAOSw6DFkKv~O/s-l300.jpg,https://www.ebay.com/itm/134517748496?hash=item1f51e1f310:g:6VMAAOSw6DFkKv~O&amdata=enc%3AAQAIAAAA4KdA6YWcWOU2yIfH5ZBD1%2Bevm%2Bbq2S0mnpjiHl9iHfbGXRGZRsdelJr4A%2FvJiwFDmCbMZZcPFQ7n7pQo8GE8NcUhNrqNhTBQk8OcfEjY42u3v4%2BV%2BfNmzevkJ5st%2BS545iy%2FD8wsL7bri0AIk1jolR%2FHSvv%2ByGFED2uSOdKMAeyVDXkiXfdVMXdarQSzfixvZwkYT3YHsP0M%2FFbz%2FNwY3ZWvIzV2m0T299vO1EGcFD%2F%2BqD8lmtNSpsYI0TAtWTWAAN6%2FT%2BTH1wwl4S0%2F%2Ff3lBr8TPEwOVKyYHO3AL1Co1XtG%7Ctkp%3ABk9SR8TjlbKYYg
NEW! Nike Air Jordan 1 Retro High OG Skyline DX0054-805 (Mens),$119.99 to $134.99,https://i.ebayimg.com/thumbs/images/g/EAcAAOSwQx9kZqfr/s-l300.jpg,https://www.ebay.com/itm/266228054526?epid=2328856014&hash=item3dfc6db9fe:g:EAcAAOSwQx9kZqfr&amdata=enc%3AAQAIAAAA4Cv%2BSt0hz2%2FHv56IYLnIVhc8WfRjodDoOXMsknwfCbl0dzif7mBMFvsGqSotrQp6Sa573eLKlldNV6muuuttzVjjJhhSR3rnKDzIuf%2Bk5VO%2F74VO8z1oP%2BS2b7xozNthcpTHvHMVt6KpbfGLwi0JiHxQFH5VpJI%2F7A5EzIt7ZdzxAdw2PVd1mzHkTfVnahStnyqfQUGdxHKi01Op7hqThuJ7FWzLZsDPFuLaE%2BcR177AMwgBDlQD7TVEsam766hx2F60j%2FrHAMoSoo8M54ZkVnQuOwe4gGTO4gXG79nnHMpu%7Ctkp%3ABk9SR8TjlbKYYg
Nike Air Jordan 3 III Retro Black Cement 2011 - Size 10 - 10.5 (Mismatch Size),$96.00,https://i.ebayimg.com/thumbs/images/g/IO0AAOSwXsZkhmg8/s-l300.jpg,https://www.ebay.com/itm/155603866327?epid=24039799098&hash=item243ab692d7:g:IO0AAOSwXsZkhmg8&amdata=enc%3AAQAIAAAA4I%2Fzfl9B9cr1WTVnE8MVjCmYKBIiyLiiOG7K8zfsELu%2FFJBlP9STPoEPOhbdBgVQn0n1%2FWi0Ms4ft9dhDIDqrcrBmeGPSmr5jQ97%2BSSl%2BHt31Le7MH%2BP9Xq4M7EufAWC0w0zg5my0dQ%2BxW9ABt09FFKrU7BnkWyTuw6CJCXI9X%2F863g9ZgqXRowCGelyBQGfovyOAVHA1QNdjybQaeqEZTCzlLA6I39LxdGOZz9xCSnhPoUJy8ROebjzvjQ9wOMSVvPv7PLc7Ev%2BLCc1Vj9DUv2RK%2Biq3rZVpPgAaPfXuzGT%7Ctkp%3ABk9SR8TjlbKYYg
DV1748-601 Spider-Man Nike Air Jordan 1 High OG SP Across the Spider-Verse Red,$234.00 to $648.00,https://i.ebayimg.com/thumbs/images/g/FxMAAOSwHL1kbh1e/s-l300.jpg,https://www.ebay.com/itm/256081866906?epid=16057802319&hash=item3b9fab309a:g:FxMAAOSwHL1kbh1e&amdata=enc%3AAQAIAAAA4I8X68BCl9dj7mEAshoScirSBiHJKGatEXjp8JMVJjUalLV%2FGWTb2OX6sOUhp5tEdgjr%2BUhk6GP%2B%2BmCnZkQI4exfsiy%2FeGhvfj872RzaYZUebvsKvrFYmX0bB4RaldRkN5WQXlnU9AtvMun85XO2GHFQogofQvLSB3GGTaBbo3Txu5qbE8b2EcK5Epbfs%2BdpFEjiG6ihpb%2BKdZx176MeAUOpnqIul8pjHLoRzMy9yMNO12%2F6dQtUpc8gTQiPW%2FzVBRtYhmTx6s2wn0MRHvpj5pnDp4fOb%2BQhTRYLjXDB4M9B%7Ctkp%3ABFBMxOOVsphi
Nike Jordan 6 Rings Black Gym Red Mens 8-14 322992-064 Authentic,$119.99,https://i.ebayimg.com/thumbs/images/g/OeIAAOSw0AZj0At4/s-l300.jpg,https://www.ebay.com/itm/354539916866?hash=item528c39ce42:g:OeIAAOSw0AZj0At4&amdata=enc%3AAQAIAAAA4PM9oO8Jp4k4FNUPsVNYExc56fz6d49n1j7WrkBh1KvomOqPNKd78fa0Y4KQPyLUNBIwttytQFK4mOkEbgg%2BRHqzmT9j66ZyKv0gr0MGmRimGmS2rY5nyDUobcs%2B%2Bn34O28YApgtoURhk0RV80SF4bGmPnjRgEqacGdNg9JcfLYD6DhOe6cSYmD%2BELD3AEOF5wd8QzZSDdMfuTBgZyB8xYZW05csZ5QH4xAPekSwWimlg0y33P%2BY9Q8QwJsT%2FyE%2FlQ39JkNcWCn3r18Ki3oPdU4vVD3qXPJtn1R5zL%2FcTZet%7Ctkp%3ABFBMxOOVsphi
"""NEW"" Nike Men's Air Jordan Access Basketball Sneakers Size 13 US",$59.95,https://i.ebayimg.com/thumbs/images/g/vaEAAOSwPBpkBLLn/s-l300.jpg,https://www.ebay.com/itm/155594883312?hash=item243a2d80f0:g:vaEAAOSwPBpkBLLn&amdata=enc%3AAQAIAAAA4BJaf92dSfvVWoRUPh2fh%2FSXP115I%2FsjsB3tVWU8NpxjbDdYXMhFrKpwlwE9TRC5SCHOcGgpFvNYQD3GgYlq5LHe7d%2FR4SvDbdLi7GBx5x5Bgip2O%2Bx%2BbUSyi2Bbh%2FoUrbXroqacC8jT6MnRtVdvXe1c53riXtvGS6b1IknF5qNVm5uDot1Qtr9goLjBfNmFd1DV2iJnYYcNYnySKTdnRZ7WteqZpnoT1quKZzgaF730bxPLCG3fnJtOd6Wv1IJXaw1n7J31hEZB%2BIvNexePWlVI875311uQZki2SSUxD8oZ%7Ctkp%3ABFBMxOOVsphi
Nike Air Jordan 1 High OG Spiderman NEXT CHAPTER DV1748-601 Men shoes,$276.89 to $359.89,https://i.ebayimg.com/thumbs/images/g/IjoAAOSwNyxkf0Lt/s-l300.jpg,https://www.ebay.com/itm/385659144050?epid=15057809707&hash=item59cb138772:g:IjoAAOSwNyxkf0Lt&amdata=enc%3AAQAIAAAAwDQ6adxtr6SgpiPsk6qzntleTi4gPISROSy0QoN%2FDBMNoGKdph%2F4ZAhqG1DGTllcStgHRaHrxCXT3dSlRWlOD0%2BASi%2FYYl7Bo26YQVkN6Prj8GCh3UX3SDX%2BlbCG4pPPVFSZ44MbFQmdUeK9sSdJ%2FpRzpI8Obpt%2Fwu2nIXaORQjUfEvnIA%2B7gdXE8CT1EJCffv447a6Z9w%2FFY0fgpQYmOyByKzEwX2215m0y3jGzwJ2PpE5uSBgGm6ez3d%2F0ceogRQ%3D%3D%7Ctkp%3ABk9SR8TjlbKYYg
Nike Air Jordan 1 Mid Obsidian Navy White Men AJ1 Casual Lifestyle 554724-174,$149.99,https://i.ebayimg.com/thumbs/images/g/7dQAAOSwPjVjt4zo/s-l300.jpg,https://www.ebay.com/itm/364100236710?epid=12039823035&hash=item54c610b5a6:g:7dQAAOSwPjVjt4zo&amdata=enc%3AAQAIAAAAwBH1eOP7Mly9nfIDNWPUtmlaieFgWeL6ZE4O%2BllmhuQ2ZPOvo3FxmnJGCGHOeX8BjiGX%2FxES2Wsj33nQg4q%2F3GRv78uzW8GLKaomPGaMfTI%2FOz6nYioD9tSY30zldpdQp5zqLgy2lQMKw2Bn%2BxQAIz3zKVQs1i1Jug7H1xlwnGnQfi71CYCl8QbboH1OWn0UTV0FoQKgrhoBjk8PI8bBvhP4EpiJR9JesTw9VUVtUC6vJQIvYPYdxIHAPhXkmSsWHg%3D%3D%7Ctkp%3ABk9SR8TjlbKYYg
Nike Air Jordan 1 Low White Toe Black Red 553558-063 Mens Size 9 - 13 Shoes #126,$94.97,https://i.ebayimg.com/thumbs/images/g/vWwAAOSwqhpkSJh9/s-l300.jpg,https://www.ebay.com/itm/295657634409?epid=23059146966&hash=item44d6917a69:g:vWwAAOSwqhpkSJh9&amdata=enc%3AAQAIAAAAwMsHaA2s4IraL000CPG3PudNeGLz8S2FHzPuS1mJnGrBK4RDpPHoX%2B8d709f4jj5bezzX%2FMJcxozZVljDG4mhtX%2FcjriYSaXqqFUtB9odrMXEVVAKotWRblWYv3RBDvH9NDL6wCRxBEG1%2BaECaduMFNUzXDuplOC7iuXKXpyGeXXFrpI1RGq6I38X0D53Fd2oLfEtTkKyDj%2FOV1sbbuP5I8kK7T2dRaCACq3eTq9WEA7ha7ENvmBbM0Mweq5DxgYjA%3D%3D%7Ctkp%3ABk9SR8bjlbKYYg
Nike Air Jordan 1 Retro Mid Black Fire Red Bred Toe White 554724-079 Men's,$129.99,https://i.ebayimg.com/thumbs/images/g/6b4AAOSwGrVjfT3r/s-l300.jpg,https://www.ebay.com/itm/304814545990?epid=12055035227&hash=item46f85cdc46:g:6b4AAOSwGrVjfT3r&amdata=enc%3AAQAIAAAAwEon4nqQQ2lC3G6%2Fz4N%2Fz2jhxIiJTuL8zcoqt74dl33ZOAidXBCtsdUv8v29dbWV%2FOoEBt8t6DHGtx%2B2AF1zLchWT5kWTwNCykRsQcafPlMmE8Np3%2BBHzxYNmA%2FMr9%2BrcR00wUQ2sTpJzunPoXlDIxoCFt%2BuX418oMDBYVpDMp46eoozH5lGiKm56C90bDEFtd9quKqpsMH3a8nCj3nExsQlZmuXQYjs1CtEilcwstpaEAHL6oVbDmTYOomJTb%2B4mg%3D%3D%7Ctkp%3ABk9SR8bjlbKYYg
Nike Jordan Courtside 23 Desert Gum Brown Men Casual Lifestyle Shoes AT0057-200,$119.99,https://i.ebayimg.com/thumbs/images/g/ehIAAOSwScZjaGvj/s-l300.jpg,https://www.ebay.com/itm/364041263592?hash=item54c28cd9e8:g:ehIAAOSwScZjaGvj&amdata=enc%3AAQAIAAAA4G0JPWgXdKEMrg7Q4Qubgu3f34PMsi7yRSLM6TFJmavB6X1CN5lEYXiEAaSAT5lZA1HGm3JJ%2FywSmgzZkdOkOEPbUgHGlV7LnrJLeWJA1Ta86xjl1e2MX84QaGuMeZdWgsyuGQEbHq%2FbBaDbofVgJFe2u8cJPy3vsjLLG3WON3FmNEqGTanZ00C4tcLmRUSAHLvdL6nLZUzBQORKQxWP9Fbz9oGFxIbGQFBNeCjjMPodJB5Lzjm8hHn7QfBMgGMkhluZ9E1Of04Afp0C1LIDVq9IsiKNGkuPySmjYlOceRMd%7Ctkp%3ABk9SR8bjlbKYYg
Sz 7-14 Nike Air Jordan 1 Retro Low OG Black Cement Elephant CZ0790-001,$184.99 to $249.99,https://i.ebayimg.com/thumbs/images/g/zf8AAOSww4Zkis33/s-l300.jpg,https://www.ebay.com/itm/166173811959?epid=22057810292&hash=item26b0bb24f7:g:zf8AAOSww4Zkis33&amdata=enc%3AAQAIAAAAwM7cb7hJyEli34zNP9XaFxtitXpRz9Yxooa4Vxf7ZZVXvLr9eH%2Bs0HAK9G%2FKsdwUdZIyfT2dtaQmt0csMFQVVpo4ip%2FZhBGImTuWGexJ%2FRozJf9jOyllJkVJK22Oy1gfJaEPAhfYvWNhNmRTjX0ifgNQyopC68Qg%2BjWwvXdW10NMQtPRf4g2KGeFpUaFYZXM1FeSbpB%2B1j1yzPFR19RBBCh2Wo2KzGn2L5midXvHUixNWvO6cOFB%2FeZiqBea3E1e1A%3D%3D%7Ctkp%3ABk9SR8bjlbKYYg
Nike Air Jordan 5 Retro Mid Oreo Black/White 2021 Sneaker Men‚Äôs Shoe Size 8,$59.99,https://i.ebayimg.com/thumbs/images/g/vukAAOSweA1kaUI6/s-l300.jpg,https://www.ebay.com/itm/334912352678?epid=6048610451&hash=item4dfa54f1a6:g:vukAAOSweA1kaUI6&amdata=enc%3AAQAIAAAAwF7v24PTKlorsHudkU4d34qkhoBUNi8nAkp26mgaNDpHzB5EDcr3D1aRf6%2FJTPWJwwcsBuf5PNamu8PKD4fIJlph2U%2F5j6a1fetp43j3C28y7%2BGIkkf0HhZnadMqRmveg6X6pFrT5dUIDezyhLq9kktHZu6t%2B0CLM8XVS6kdrRaXR7S%2BC1rgpVftCwSJYv2wzJlkJZdrv7MkN5%2B7wXTUDCWZx%2FyNz0%2FJbuI%2BuXXE7ZPr2f5U6bn%2FOAF81Qjd828rUw%3D%3D%7Ctkp%3ABk9SR8bjlbKYYg
Nike Air Jordan 1 Low Alternate Bred Toe Mens 553558-066 NEW,$89.99,https://i.ebayimg.com/thumbs/images/g/zhAAAOSwSohkg6el/s-l300.jpg,https://www.ebay.com/itm/266288187704?epid=6059870736&hash=item3e00034938:g:zhAAAOSwSohkg6el&amdata=enc%3AAQAIAAAA4Dqmk47ZIvzgO66eOghB9daGUmWxhvEmP1jVOhaE7INeIHeU%2FFOsmUrqWFxh2aJTqofVt%2BWzd39FtpqKoEcluW1tGlqw%2FaiVDmMIajLfckYXlaT42nAca8xR98Zft58gHvT0%2F3385A8zb8UFoZ93Gmtl57j16MGe8MZD4DEFGcpGzfb4RJGeScABzJk6jTKbshyRiv0G4W6MyLSt4%2FeXuXlMrXxFQgc88zC42DZiVso%2FBTTwMD1%2BV6SB4JeZ5NHEsoUYAdmd7ULJbfIVSNY1gomjrsvIlUivOhhVS7pB8C0G%7Ctkp%3ABk9SR8bjlbKYYg
Nike Jordan ADG 4 White Pure Platinum DM0103-105 Men's Size 8 - 15 Shoes #104C,$114.97 to $134.97,https://i.ebayimg.com/thumbs/images/g/FAYAAOSw3Z1jwjjB/s-l300.jpg,https://www.ebay.com/itm/295061488378?epid=12054301307&hash=item44b30902fa:g:FAYAAOSw3Z1jwjjB&amdata=enc%3AAQAIAAAA4IC8%2B3NyZTTfgN16%2BKslRLdR3fU71apYfUBZK9JW2TiVN0zvZWsDjpCsbVCPcByJ%2BB%2B5k0Dbjtj58umKm%2Fnoiq35Ra%2Fr6XJeF83rJ2kC%2B%2FuWv3UEWtAhT%2BThCPx%2BZG9tftv%2FdWKCe8RokvOhptboJPUJPRoXGu4gdZEQS8sRj7zCFOUtkBwDfpZ269RtBeStJTws52ykjEeHJ1We1ehJtCCLR1aJ8gWCqrwXYcQ6DdDehjJcTA6FA4mFRg1YHHKoT01ovWElYrH5Bvu8mFZZlX0q78wIKHtMBk7xsn8APtWS%7Ctkp%3ABk9SR8bjlbKYYg
Nike Air Jordan Retro 1 HIGH OG Washed Black Smoke Grey Heritage DZ5485-051 NEW,$184.90 to $239.90,https://i.ebayimg.com/thumbs/images/g/IlQAAOSwSdhkhJUv/s-l300.jpg,https://www.ebay.com/itm/225612748962?epid=26057817808&hash=item34879158a2:g:IlQAAOSwSdhkhJUv&amdata=enc%3AAQAIAAAAwNrEVaFNzf2dPmB9dH3HOeFWwl25XuHrDYz1ae%2FkDyVONsU50yo35oq0xYjwEGcVn2YdD2%2FwZWfsR5KT97oU3yj%2BJoj9aeSz88696Eh9fFEga3cdrdUvAgDWo9XlD8ixqbXZBJv4xNLnBxEsLCZXFCHyuPiIjlvICh4nEtN35aAAXf6Ivx%2FKlV2Xq5YLoguxDfPTvjywDM2qKQEWtKJuSEqeEP6zAZiOvGLHZW09TSzHdyswTvL%2Fys8XuVyo%2FCgxpw%3D%3D%7Ctkp%3ABk9SR8bjlbKYYg
Nike Air Jordan 5 Retro Olympic 2016 Gold White/Black Sneaker Men‚Äôs Shoe Size 10,$39.99,https://i.ebayimg.com/thumbs/images/g/xIkAAOSw1sFkglbl/s-l300.jpg,https://www.ebay.com/itm/325695710433?epid=7039808592&hash=item4bd4fa24e1:g:xIkAAOSw1sFkglbl&amdata=enc%3AAQAIAAAAwNtMIAMT1MMDxmuuhgfyvDfAeJqtIh9wjckaLfr7jb%2BRbE7CCJOkE8j0NFeG1csXbRZ2imzYf%2BQP7WJ6sQWr9VVjdNlzRutrkGdXyZwhvxj8MhUPcMHRM9UsuF52wnmbtI7Bdyu8isvXgAwdqKMpUXOLmq0ap5Lam4McufVQD0w9U0MtqnGKpbcfi%2FI4zXhnE0ALDUEuj45A2a3Cnba4MpAA7p0T%2B%2BrF6m50a93vwwD5OSGJsG7HdMaYwsNIT6caxA%3D%3D%7Ctkp%3ABk9SR8bjlbKYYg
Nike Air Jordan Retro 5 SE CRAFT 2023 Light Orewood FD9222-180 Men & GS 4y-13,$134.90 to $224.90,https://i.ebayimg.com/thumbs/images/g/5ZoAAOSwa~5kZOBq/s-l300.jpg,https://www.ebay.com/itm/225581123353?epid=3057812663&hash=item3485aec719:g:5ZoAAOSwa~5kZOBq&amdata=enc%3AAQAIAAAAwBA%2B%2FJnkckFVjVoOXM1zpVIU2YNnfjgzdVs9McMq3ZNxaNPp9VMktXlNmOofa3Pb4HO2wGkbutSNMO%2FAJFVdYT0F83VdTYqsLuaUlFmvRY6Uro3dYvkob%2BJ3lMZdAZ6BWmM2Vml5ISRp%2BykuojjkS%2B8T%2BSXHFY2jfG45759U0Tv%2BrhtWmfMZbfIIb58Ju1QSc1qzmMQEHMt0INSdpcBzWXG884dWs%2BFdJ0t9ak7KAG8tLRB%2Flj6wq55kZ2w5xcAHBQ%3D%3D%7Ctkp%3ABk9SR8bjlbKYYg
Nike Air Jordan 1 Low Reverse Black Toe - New w. Box,$149.00,https://i.ebayimg.com/thumbs/images/g/z~IAAOSw40VkbD18/s-l300.jpg,https://www.ebay.com/itm/225587966046?hash=item348617305e:g:z~IAAOSw40VkbD18&amdata=enc%3AAQAIAAAA4BnrgIGtkoDYB7Q14NNllwdsU91UdNzU2sGVO%2FipHOEExem4gBEvDABEk8548IgKIJ6zqdoSSt4x7isDj77ewnFpLcchZyGCCXh%2Blli5jnhbkBLdi87Tm%2FqOTl%2B8k6Stp1Yr5U2WFXjaQyoFA%2BHyiAs8XQA5KHlqVjcehVlQThVxvjYXsyk7Zej2trkoqpQuMqYJAiITubGSaz9mx5rqus3AmhOfLY43WCjJjDFc5KQufe1ieCZrsCqM7w%2FZMWTbBCjJ%2FYjj4wS6UkfiCNc5%2B1nfmWPy3jWBgX1GMdRNRHPB%7Ctkp%3ABFBMxuOVsphi
Nike Air Jordan Lift Off Black/Dark Concord-Black  Men's Size 12,$67.95,https://i.ebayimg.com/thumbs/images/g/R1IAAOSw5hFkgOX6/s-l300.jpg,https://www.ebay.com/itm/125967568457?epid=22039807329&hash=item1d54408e49:g:R1IAAOSw5hFkgOX6&amdata=enc%3AAQAIAAAA4DNRynCiExNyeVXaNEOVlScO%2FfnjNC%2B2JU58%2BUv3US0V%2FdSFwe6AAdVh5dnxwVJWNEOpmU122ftGVOjPabBXX9%2FcFrzG146eOwXociHb%2B8WQQGOGHWFhnOSsW%2FeOMk%2FkNj3Yx34O6E0kKvVlib9QoaLM%2FmWwSDWoHzkocs7Qzv%2BAQGau92Ov02fr8NP5QwiEZkkZM33%2F9IxRSRxQechpc5IuIZVhvrFnJU1fpNwvb2hq05ZTcRDNUTul%2BO6zoYdTDB2aHqr%2FEpqv8q1mNNSSqEcTp%2FRMT6YTZE3j2ASpm4Hh%7Ctkp%3ABFBMxuOVsphi
Nike Air Jordan 5 V Retro Olympic 2016 Size 10.5 136027-133 Gold Medal,$54.89,https://i.ebayimg.com/thumbs/images/g/cVgAAOSwDQ9khLNV/s-l300.jpg,https://www.ebay.com/itm/185942995367?epid=22039804347&hash=item2b4b10f1a7:g:cVgAAOSwDQ9khLNV&amdata=enc%3AAQAIAAAA4KD0WdyYd036%2FYWiQNjJJGlDCuOYutkM5VznRM%2B3MRpXsJ3K01Ru%2BQGfmpID7WWM3zbLnTLI3JrmQnkGgUf%2F2%2FfnR1kZGDpmya5709dnnTG5tWYFOInRjTNEJC4njeMeL7BDNKImf4hXhl8aJbD8ggydWZtfZyA9MuSPJWj1Jg4kS42RLyoMLNDteFENXbifElm9dTt3IZYylwb9Ga09Ug9oVbo1HmcxVpHIBSTGfqj%2Fs3J60jl5LXZ8qro93EVQ4ykm6p%2BcMssGE2ZvXrz%2Fllz6H6NBUhAn15IGK8eF%2B0RP%7Ctkp%3ABFBMxuOVsphi
Nike Air Jordan 1 Retro High OG AJ1 Washed Black Men Casual Sneakers DZ5485-051,$209.99,https://i.ebayimg.com/thumbs/images/g/e6IAAOSwshdkiS~z/s-l300.jpg,https://www.ebay.com/itm/295758066049?epid=13057801574&hash=item44dc8df181:g:e6IAAOSwshdkiS~z&amdata=enc%3AAQAIAAAA4HbozZmPJahGPUARwf%2B5bR8d1kv4mLZTja%2B92mkyKr2kh9mbD0s%2BNEwhrx8zKwQuTZQe8HW6u9plA7%2BUrQ15UyO2QT218lNeNEilJiQOxSU9ONsv7L2HwCfn2Ao%2Ba0c6IQ0eevkojcdC%2FNW%2Fk7YaYuzaJbUpPp5VcS7EsGiof4voVK67U8C4WlQ8OKgVJwnU8ToBbuG76C3LFc4qQyvMbYOWnzPrrEXgjLMupeIxpkpznYC5GWfVakb6Z6lMEdEubU3%2FXYqWfjoX2Q6pmxNFcotU2auULNY9Az%2Bhfe5Gc2Mu%7Ctkp%3ABFBMxuOVsphi
Nike Air Jordan 11 Retro Cap and Gown 2018 378037-005 Triple Black Sneakers,$316.00,https://i.ebayimg.com/thumbs/images/g/DxUAAOSwCXJkXDYK/s-l300.jpg,https://www.ebay.com/itm/125929503839?epid=17039801182&hash=item1d51fbbc5f:g:DxUAAOSwCXJkXDYK&amdata=enc%3AAQAIAAAAwJzYcCHqvJuvJ9P5ruvHsCS79XLp3vugeEwKf5paFkTknQJqrA7sS6ggUOpfGCimtWDGQUB4M%2FM%2BHb5NHy8LaJ7lGDZKvlPGNrDFNKTJ3LtBMJCSteSgSSbiGTVyMLgUenZYw2L6DJhvEI%2F2plJTzkNQjiDapQ7HkrWpZ7MAx9XZkKOxtxtSdt9IT6oOYTGnRZUMqMRYTt%2FAKw%2F3wq7kFdMYWyJBSCvip61jzTQGj%2FC0onxmUDRYM1X6x0GGxsj39A%3D%3D%7Ctkp%3ABk9SR8jjlbKYYg
Nike Jordan Air Ship PE SP Every Game Dune Red Men Casual Lifestyle DZ3497-106,$134.99,https://i.ebayimg.com/thumbs/images/g/LqQAAOSw~FRkYczG/s-l300.jpg,https://www.ebay.com/itm/314592505859?epid=6060498772&hash=item493f2cb003:g:LqQAAOSw~FRkYczG&amdata=enc%3AAQAIAAAAwGEhWvQKGKdYybb9raqt5TzCvvfy6h2jnTBQwaGhmIl9TlqevLBXDwgQLR9awPRGpA4UwF3ljFVaZbhYlUcwgEgO6zKlTkoslgyRUiANyv7wSxNHK6CD3jOtkGv7w7VHcrTI1llA4UXidKXa%2FdJNoP3S%2FD%2FQu0Qoka8ogEBf3rc3ijvXUawlD6MfxWjvjUjKpMpJcpKFZLLMND9t7J0KabPBDu5L2sfoy%2FW1HNOtfcf39WiDtmYiDwAbVUynfzSiRw%3D%3D%7Ctkp%3ABk9SR8jjlbKYYg
Nike Air Jordan 1 Retro Low OG EX Coconut Milk Men AJ1 Casual Shoes DV0982-100,$179.99,https://i.ebayimg.com/thumbs/images/g/PzcAAOSwIw9kdqYh/s-l300.jpg,https://www.ebay.com/itm/314617922454?epid=10060730505&hash=item4940b08396:g:PzcAAOSwIw9kdqYh&amdata=enc%3AAQAIAAAA4MwEfpqqobtywSLTlLQpVuzeXZ3XDzpcdzR7zHDvu5ESG252UmTA2F3MBTCmKsZLrRuS4Vv2kQ03Wmp5INCGSw0uEN%2BgVL%2BQJup3NdFu%2Fi0N0J0YV1orsOW9pXk4gojqGIW9MzFM%2B8Xi%2FHCrAGzU5Rghuvu4fz97Qgr%2FdMpaM3USYjIoxdGc7hkJUpFc22dX%2FPGYsVAehqqXrAdWo75biwwVMzVA2kd%2FoqkHL0IqPP7SJbYG2z9EVvDsG61QvQAHdXs9%2B%2BtOV6YOm54Xf9Vj5oymwX4dOU1eo4lmJOqG%2BSiK%7Ctkp%3ABk9SR8jjlbKYYg
Nike Air Jordan 1 High Red Suede Size 8.5 100% Authentic,$31.00,https://i.ebayimg.com/thumbs/images/g/mD8AAOSwztFkfhKY/s-l300.jpg,https://www.ebay.com/itm/134613256514?hash=item1f57934942:g:mD8AAOSwztFkfhKY&amdata=enc%3AAQAIAAAAwKBJbA9LFzU6MV1CIspQJfLsLbdJG4gWMj6bAy5UgoSi7imm0USEEKPTz8lrSm5uv57U8sS0AAppuNakrkPW1va%2BoN8DPxn8tZbCZtQ9syhRrk8ntEqlDWTlvsm%2BTDr1o4tQ7obWY%2FV0WqePD24h6jMQGfgstNNqFaWnxtNk%2F37AxS5vpgvESWuy9r3O8P62V90xmSUK7dELkEtJNKPoZbuEuxO4sC5mLy7sNJsk5UXdnD2%2BTtN0mXlaKY8rJFvd8Q%3D%3D%7Ctkp%3ABk9SR8jjlbKYYg
Air Jordan 1 Mid I AJ1 id4shoes size 5-13 100% Authentic Guaranteed Pick 1,$102.99 to $214.99,https://i.ebayimg.com/thumbs/images/g/CtsAAOSwqttkVLKb/s-l300.jpg,https://www.ebay.com/itm/313772744769?hash=item490e502041:g:CtsAAOSwqttkVLKb&amdata=enc%3AAQAIAAAA4PwoFe3EPYhtmCrxgArsybcW%2BXqWGEGRJrNTK8Qq7V%2FntskICf3QtfHKyvvYnuVbgLUAk7f3AvI8eY9BfZmgkYUOlPUcGBes3sGKNt3dEWruzZS4Sw9CFcJK7ZHxPCQLC3nqgQba%2FYmEuBaDdQe1dzReHvzeRIDj%2BCmr6OlWxJnx7%2BSCZq%2F381Q4u8pYQvde9p8Zv9Z1NIm%2F3NSHB8Cw4FzfvvyDbSMDTMWDKEi9jYqgGG29XoVIK%2BwhK0zEAkBgiNQTCewksRdQVIEnCmxPgiInwkLnP%2BeFWHEdMGRCO84t%7Ctkp%3ABk9SR8jjlbKYYg
Nike Air Jordan 1 Retro MCS White AV5354-100 Men's Size 10 - 13 Cleats #122,$159.97,https://i.ebayimg.com/thumbs/images/g/W00AAOSwiNdkOfkA/s-l300.jpg,https://www.ebay.com/itm/295633612684?epid=10047374871&hash=item44d522ef8c:g:W00AAOSwiNdkOfkA&amdata=enc%3AAQAIAAAAwHUkBQPzfGzMG4Ip4RmOPmPkPpxMwedupCN3S%2F8gLsn8mrIgoDwK8o424u9QpFUyLUWhJqmBfosRNmOp4VDN8yShC6zZ3AroLI1lOBOz%2BH1rvREVOr0ZAi9BGci%2FBWmTfR%2BOVk1ZWAcuKAVrgKDLA8ZiVW7ZIRL8d2DsiiBEv1oNULHQWtUm7Mw83k0LRxCC796Z0NMmKGqfQa9sKFwnnamY02od6LokocI0%2BpwizrD0252rS6PLK2V53LLS4BQV9Q%3D%3D%7Ctkp%3ABk9SR8jjlbKYYg
Nike Air Jordan 13 XIII Retro Starfish - White/Black/Starfish - Size 11.5,$52.00,https://i.ebayimg.com/thumbs/images/g/gcgAAOSwUmFkiQp3/s-l300.jpg,https://www.ebay.com/itm/155607455337?epid=15040844243&hash=item243aed5669:g:gcgAAOSwUmFkiQp3&amdata=enc%3AAQAIAAAA4LsM4BK3B9c5YsdkK062axUONrAQrAPORsvclwR9YhM3AWchEmAtB%2BiLRdmd0bt3CMrhjbQfUWj%2Be89su2d3S4lBjL5JTPzEChki29VixblDSl7IhmAPJBiXrXcD3ZRIwo4AEV0e%2BnHDyT7n2S4W936diKXpVaba%2FGqkk7H3Twv33tnETDbMdzXz2y6jJOBZSGF8C9QXLhDGlTpYVBrD2tksTq%2FBVUa3JpSU9JIdWzPHaMhI3NnzQNHS%2BA6Gpla6%2BkKXWG9%2BCkXybFY4DPjTz%2FHG116OmDnT6pD%2FuaqpiAKn%7Ctkp%3ABk9SR8jjlbKYYg
Nike Air Jordan 1 Mid SE 'Wear Away' DQ8417-071 Men's Size 9 - 13 Shoes #121,$99.97,https://i.ebayimg.com/thumbs/images/g/M-QAAOSwNAlkVVeK/s-l300.jpg,https://www.ebay.com/itm/295680016500?epid=15058289750&hash=item44d7e70074:g:M-QAAOSwNAlkVVeK&amdata=enc%3AAQAIAAAA4GCugA2HluvjcWmNvNEmAb4%2FO3Ls98h2%2FKrVhRlGxGERLKCfcGejYpeBvyrxdVMQ%2Bs854ml%2BHS3zSWIPKffQa0Laif5cA0QR8ReMn32H93cY1KDoR2pC8OfhpdWg4fUC0n1tJG0itU4jQn0RPb2dRlnieNRqSUoaRB9RsvGIhy5%2BFHzzrt8l4sE6GyMQgWHw6JZEyQAASXKeTZh5py182MFoYjLlM9uPivLV%2FQxfOQYhZh24UOiUlI8w8Z%2F8UcXVeEPxWWWv%2FgCaygT2S725DfJXO3Iz%2FwfXHDApt9xSgAxr%7Ctkp%3ABk9SR8jjlbKYYg
Nike Jordan Air Ship PE SP Every Game Summit White Blue Men Casual DZ3497-104,$189.99,https://i.ebayimg.com/thumbs/images/g/IXwAAOSwgrtkYZHr/s-l300.jpg,https://www.ebay.com/itm/295698782771?epid=6060498582&hash=item44d9055a33:g:IXwAAOSwgrtkYZHr&amdata=enc%3AAQAIAAAAwAXzPvmJ1OOMMwnEk2daI5laXnYaEv9%2FRi7f2cVNui4o38p1YtwecH8EjFAdrLr%2FDh56ct1prVYqaf07rx%2BfYzW3KRGzygHhCaQ%2FXOEbAcobYXjMxK70TvQ6E8l%2Ff4iGVGD2QQgzGN8kei9STReGPMBdxAhkOY7tQI4o%2FyQorkS62xMSMTpe1%2F2VR6V%2F2kSNp%2F9tTJUkdpKyP31Dpii2D4NDLrktC8K3VM0mFteXpljMgP9uI6R11hM8jB3zKyJb%2Fg%3D%3D%7Ctkp%3ABk9SR8jjlbKYYg
Nike Air Jordan II 2 BHM Size 12 100% Authentic,$0.01,https://i.ebayimg.com/thumbs/images/g/6OcAAOSweZdkf4cJ/s-l300.jpg,https://www.ebay.com/itm/145138408029?hash=item21caec5a5d:g:6OcAAOSweZdkf4cJ&amdata=enc%3AAQAIAAAA4CnVhDNdapnfswjaNpM%2FFP3LR1IH%2BGuUqB%2FYyDUisvb62RHweWgV8Y4sNcajTM9yRtHdIjSfYujNq%2BV%2BnaduDFmIscAiIlywGdxwxurIaZffoxNmuqltj00r4SnAUGuA0qAdfTWuTYqw5POr3mMfUnqbWJ5%2BvJ86kFKrOsU8rvq47r5Btt99gKOUgEdhyV6i0yNmA9FR5b8%2FOAc2ojqGPGRKW7KSxLNy%2Bh8U7H3Pe%2Fakf0sm4NrjZoiCerJ0ou%2BMKX5UD6XDpf4cYA5z81TTh9wVtwq6yN4Ci6558ZKPeAQK%7Ctkp%3ABk9SR8jjlbKYYg
NEW Air Jordan 1 Low Lucky Green (553558-065 or 553560-065)  - GS and Men's,$59.99 to $99.99,https://i.ebayimg.com/thumbs/images/g/JYAAAOSwxbxkWmfP/s-l300.jpg,https://www.ebay.com/itm/266251858500?epid=28060002442&hash=item3dfdd8f244:g:JYAAAOSwxbxkWmfP&amdata=enc%3AAQAIAAAAwJ%2BIyNRcA4cjSrANhsPfMlZcJyz%2BtL3zTkRjQnXRVqczIsP1pxZJKfh4QzrN3wBe2P%2B7f4muPGvxlQwuDzneHrcgoHhE41cSebEISYHcMuipAgLOtee7I6DnEpeH26R4yqnTeEmhpRZt3wsCNTaOnG4JKDG32ZPzTraEo%2FvfQC9FAlHL3YkfT4OdZ1PVy%2FA6x3byDWUhN5nRwwQfmIZBT2J%2Fp%2FxbZuSnUa9gCQlZlbC4neFXo9dlMCTp4CVTmvRA9A%3D%3D%7Ctkp%3ABk9SR8jjlbKYYg
Sz 7-13 Nike Air Jordan 14 XIV Retro Laney Varsity Royal Black Maize 487471-407,$264.99 to $274.99,https://i.ebayimg.com/thumbs/images/g/zAcAAOSwfQ1kgXW0/s-l300.jpg,https://www.ebay.com/itm/166114220966?epid=5057817960&hash=item26ad2ddba6:g:zAcAAOSwfQ1kgXW0&amdata=enc%3AAQAIAAAA4D9%2FDGwTshtCZIAcXG8GUZ1htkWICYKJgwb3NVFKPuJGjKK8wpRqg0exr9pum5jGUecHRZKMCpWwvYXIlii66jLBb0qcp1ohU7EC2mrCqgcU7uIyaVezJypnDFOTzWYQTH%2BLnwKNq6p9J5hcUQsnNmhCs%2BX9ARt9aik0GuOLx6UpxsGhdoaemNCLi9wuvfVAoQ2BvX5tJTyEFS%2B%2ByD9P%2BZwd3CYyktLB0Sj%2BllycRgDefrzCMLJ711UuEg%2Fnog41IvWgjq95wF8ULxAMWyFKcJb48NlEeZduiCeu47HZLO6a%7Ctkp%3ABk9SR8jjlbKYYg
Nike Air Jordan Max Aura White Black AQ9084-100 Men's Retro Basketball Shoes,$119.99,https://i.ebayimg.com/thumbs/images/g/usgAAOSwVfJjo6Jl/s-l300.jpg,https://www.ebay.com/itm/275589220791?epid=18039805483&hash=item402a65c9b7:g:usgAAOSwVfJjo6Jl&amdata=enc%3AAQAIAAAAwK0JrTRpJQjVOb4rWbruwhNFPgmVWUfMp702lPistaNTvrRX1w6w6mITpk%2FhorMTLlCaCmevtIGk94WJPaGc%2FJHE89esYnvcC4tWGXNq12VMD8UDqjmW9cTar2K0OakF4LdaG6HtJT2TZBcR7YScjRIJoVL0pRdPlD29flot6R1clRWCCvxLdNGjXZv6PePzdFxKq5p6lVrJuCYtF8vev1MT8%2F9s%2B1BUwmGiNx7egznOJVQaklnB3QNPRH%2FirquN7Q%3D%3D%7Ctkp%3ABk9SR8jjlbKYYg
Nike Air Jordan XII 12 Retro The Master - Black/Rattan-White-Gold - Size 9,$41.00,https://i.ebayimg.com/thumbs/images/g/O1cAAOSwnLBkf6vZ/s-l300.jpg,https://www.ebay.com/itm/155607458205?epid=9039798455&hash=item243aed619d:g:O1cAAOSwnLBkf6vZ&amdata=enc%3AAQAIAAAAwCtqidljuywgs56XD4KS%2F5JWw73QTeS%2BvZsMC1fD%2BbBLNc1Nt3xTvlqHFvm1XCer2xbbVYQ8whD2ToyT4pdXEQADNsbe6V1VBPAfQWMUHc4rB3sTJLNoWZBWCh8ICokC0oqcCV0UxpTWz%2FFaUu9uisn%2F24czqJfNUNpvPSP0JAWBfUa1UOPd7A4UOyJqC7Nb1kVyy2tI0%2FMTjZjDucJUc5moNsWgKdYbRTPnwTa3EkvpnPAaTR0afLa2%2BtmcqGqHbQ%3D%3D%7Ctkp%3ABk9SR8jjlbKYYg
Nike Jordan Stadium 90 White Neutral Grey Men Unisex Casual Shoes DX4397-100,$149.99,https://i.ebayimg.com/thumbs/images/g/9psAAOSwe29kiS~Q/s-l300.jpg,https://www.ebay.com/itm/295758065747?epid=4060811364&hash=item44dc8df053:g:9psAAOSwe29kiS~Q&amdata=enc%3AAQAIAAAAwHMjpnxBccTdfG92jl5fWgqdGQs9uvfP4vB0X%2BuN5o6I%2BYRIftIdS%2Bvazl0lEctWYnHR7TmEiIjfVlT74k7TrCxwYqeh8%2FDpKSei0Nu%2BNFAkEF5lofYihphAPJJ0Adnnuf%2FdFoCAgtN6HEX9SVD3m2ue08dNMJBP67cNxXyJ1yxJBtPzBB%2FBSSTsyLAqYVs2rNOZpGLlOnVN5spEb9D2PAH0uZS2E2vL7IM%2FKw0jBJ3d45gxZqlLqC%2BWRAYvnkJrgA%3D%3D%7Ctkp%3ABk9SR8jjlbKYYg
Nike Air Jordan 1 Retro MCS Baseball Cleats ALL COLORS ALL SIZES Mens 7.5-15 NEW,$159.94,https://i.ebayimg.com/thumbs/images/g/AiwAAOSwvDtkLhKI/s-l300.jpg,https://www.ebay.com/itm/235034248206?epid=2316677676&hash=item36b922040e:g:AiwAAOSwvDtkLhKI&amdata=enc%3AAQAIAAAA4CjZanfHSjDX6RgT6yZHUqC7M4YeRoy%2FWEfpYWr2XpKKlKAzBnx6O1y0Wvte3ys0tqvC7a9ykJgz2mKckmHp71zHnQjw4OeToktZoYenIOqnPtCcZ%2BtRL5gSI4kuspdew8IHZBK3Z7WMsXQwzf8ktDMHn5I9%2FlOx0iYl1TVXEacgSkaG73kZbPhAhjzsCkG%2B5Chu3U1fmXF9l%2FoGBqHJBUKsv0crj8WF8ObqZFDmL8x9NQYI5HjpwuuxxW95NY4CJaMkDkMR1Uw9sTTNO9TXwIePWsqMZbWafGf3lillv0JO%7Ctkp%3ABk9SR8jjlbKYYg
Nike Air Jordan 1 Low Golf Triple White DD9315-101 Men's Size 9 - 14 Shoes #102,$99.97,https://i.ebayimg.com/thumbs/images/g/DnsAAOSwhQJj~-Zg/s-l300.jpg,https://www.ebay.com/itm/295367432281?epid=16053885683&hash=item44c5455859:g:DnsAAOSwhQJj~-Zg&amdata=enc%3AAQAIAAAA4BouN4jxfoWV3yPI5hW9zRBaYIrcagQur3j%2B5Lc6QqAXssartNi92qmdRz3mWs3cjg65mrABlyA34jJXmeXIo%2Fqkl%2B%2Bm3%2FeL2bdWMwRjOlPz95p87kIkH9LmQLpJ4v0h35IwrnAZIOOQ1WEfAvMYtKL68y7r%2Feefh7XmuYhtSnMR3BPbhwoSMiaPHiPABb7CVYOZuJvaDvfbQI7GGee5sN7qsFyCtpgOqTK9EPR2RcLph0eQHH7rpVdQDrF%2Fp8c6ddoKEgBp%2BDaUy4USzN9C9h%2FlxiXPao7Vic1Tl1u5MS4P%7Ctkp%3ABk9SR8rjlbKYYg
Nike Air Jordan 1 Retro High OG White Cement (DZ5485-052) - AUTHENTIC!,$119.99,https://i.ebayimg.com/thumbs/images/g/a1wAAOSwhUBkWIk7/s-l300.jpg,https://www.ebay.com/itm/266294538723?epid=17055497789&hash=item3e006431e3:g:a1wAAOSwhUBkWIk7&amdata=enc%3AAQAIAAAAwEQkPhUVVPzLG5AzeGlnNTeTzrCxs0ZyRhNwKMXvla5oJVRM%2BM0VvDvspW845BDi7iJlY5YGYwznxaqmAv8Z1qK8kh%2Fh5nuMDTmC06iBUQHnzCpjNjR2cgBpQugrDDuUkVWHDRTgU9xE7fOQX9XN6%2B5gbS1AZQSy1xUPraJvlUARsXbZaTA2SrLip%2FLVJnrJ2aN148eS01Axrv7619F4faYjEBecxukDzCJL9K3q5QLYWIVNG9Wy32A%2FtSDTVI5TNw%3D%3D%7Ctkp%3ABk9SR8rjlbKYYg
Nike Air Jordan 6 Retro Alternate Hare OG White Red - Size 10 - NO BOX,$59.00,https://i.ebayimg.com/thumbs/images/g/f1sAAOSwSohkfKvn/s-l300.jpg,https://www.ebay.com/itm/185942946007?epid=5039812750&hash=item2b4b1030d7:g:f1sAAOSwSohkfKvn&amdata=enc%3AAQAIAAAA4L88vbSUEAtTK%2BnBQsL%2FpZI23cqjCvbm9Y5ZpthR01pVHwVN98mCRL2Mqy19sb3Z2zuKp%2FdBsX6gbxCkgtTiqQ1nf5KsmBiINwFHyxX4Zr8JQDHR%2Bv0zs9zk4X29WjtjQaVVRGliWYR8NnMGu5WY3dalwrpYs9eUhDleokj4wba9DjTxEQmH1fKQLMoXiWgolepVbe%2Bh2SB2kKz%2F90JrKG2MC7BlCEgp8RUz%2BhD%2Blv50fG8LMZQWyHgx46%2BdnYpCt75xYTL6i8bMBh1YA3vvP%2BqONV%2BoxpEnTb%2BV9n3cEZpx%7Ctkp%3ABk9SR8rjlbKYYg
Nike Jordan Tatum 1 PF Barbershop Jayson Tatum Ivory Men Basketball DX5574-180,$154.99,https://i.ebayimg.com/thumbs/images/g/0HAAAOSwf5tkZaBV/s-l300.jpg,https://www.ebay.com/itm/364260304436?hash=item54cf9b2634:g:0HAAAOSwf5tkZaBV&amdata=enc%3AAQAIAAAAwO7IV%2BMGNoFnTYmotncvZrKK2F5WvoE8gHylvMhWOH7ZyDvUkWba1%2B123BXuXBDLXdfysQqSHquyeE0kh8z80lBHijSEpNKyKvmBgCaVTrlHEcoHZ4DGdOW3bsQetjsGMFNsYW3mZ8r4L9IK0I8NPmOFrEqrqytd99e4p8ePFSSNDsknrGCRL45KBiIqVpK4a14BE8LVFct3cay8iUBNG9r1wjsjBb%2Fwg%2BvTdudLx7buRYkXjo2gqisVClR9CLdC2g%3D%3D%7Ctkp%3ABk9SR8rjlbKYYg
Nike Air Jordan 1 Mid 'Lakers' DQ8426-517 Men's Size 10 - 13 Shoes #114,$109.97,https://i.ebayimg.com/thumbs/images/g/bOoAAOSw5hFkTBZW/s-l300.jpg,https://www.ebay.com/itm/295663868041?hash=item44d6f09889:g:bOoAAOSw5hFkTBZW&amdata=enc%3AAQAIAAAAwJjfeY%2FlyByZ3tnr3hbV9bo144yZzxxS2JCc9U9OfZy51AIcLjaRZRgzwM5%2F82zWCJAOxPzat1jGaqGzZZWqJfaHrfgb4Y5dWM2EMX9Bi9Uof8dxcq2qA9IVQsQ4w9lHLCz2n%2FYDUdGAKC1Ms76tFubFOzGgunPKxgRRliEs1O0FZROcjMUfWcmEZ4drd2Ete26bQljB7GivQuvueDyBywfFzhNm9cP7aPRmaQrahnbLvh7z1veORrdx6xrJuN1y3g%3D%3D%7Ctkp%3ABk9SR8rjlbKYYg
"NEW Nike Air Jordan 1 Mid ""Aquatone"" [DQ8426-400] Men's - AUTHENTIC!",$99.99,https://i.ebayimg.com/thumbs/images/g/mzMAAOSwAftkdwUX/s-l300.jpg,https://www.ebay.com/itm/266280004274?epid=10060361134&hash=item3dff866ab2:g:mzMAAOSwAftkdwUX&amdata=enc%3AAQAIAAAAwDEVVMi5FjYW8tCO6F4AqL1lP6gOBCNHtq9miXntIdKr4i1n2BOEQVL4sCkC0fzzaQkYl57pd1R3lAcP5rTgHJHEc1gjZ2BI%2Fzju94xPruj1Ok%2FqRWKcDQb1GoN5NQepJEYLVhW%2F1u0rCPD0%2FYxA04bvr%2BtP5T8CJsvn8Cw9JDbnvLu0yGg4iM0ckHHt0r2RVNR69nK0iUyRl3VNson6cRiN3xeHqXcr2DXKVeUCYqpIDVglT%2F0l8RxJiqtOOcs6ww%3D%3D%7Ctkp%3ABk9SR8rjlbKYYg
Nike Jordan Air Ship PE SP Every Game Men Classic Lifestyle Shoes Sneaker Pick 1,$134.99 to $189.99,https://i.ebayimg.com/thumbs/images/g/ljEAAOSwH8hkbuDm/s-l300.jpg,https://www.ebay.com/itm/314610708176?hash=item4940426ed0:g:ljEAAOSwH8hkbuDm&amdata=enc%3AAQAIAAAA4P9dzGjv8jcaxxdFOOL2j5X7IeKgbSLfLM9U0TT%2FsrkK5eNp1OsFbgs5seLWQkwpgmMEAXW%2BUt6YXlbV4BUDSVU2xVZfrtLW7jDd7exMc3JQRukjMDh9layuqoNMX9yRzn4nMY4ia88l63pUgiDHHbwHgv8dRfG3vS%2FcDEmSpi1nDDOeBnRg8xywCEj450v4o0N53skbtw1Zb4RXQl7VlVl4s%2BDB2ePuaTh8ZYAbRwjo1BDPTpXvosVrclIdiwkCp8yxX%2FlXc0TDk9fHJm7ICkA5SiYbGg%2FMeUO9H%2FHyjQlB%7Ctkp%3ABk9SR8rjlbKYYg
Nike Air Jordan 1 High OG Spiderman NEXT CHAPTER DV1748-601 Men US 6 - 14,$275.99 to $421.99,https://i.ebayimg.com/thumbs/images/g/uAsAAOSwDI1kaEo5/s-l300.jpg,https://www.ebay.com/itm/404297438742?epid=25060757696&hash=item5e22015616:g:uAsAAOSwDI1kaEo5&amdata=enc%3AAQAIAAAA4ID9%2B4fxsUjQaN9jZ8kZ47TXAlDnKO2L7e0FKRf%2B8qMwQHW%2FMjckNRQzI0oU%2BCJIRS7ajOpiEPPntngHVcR1Xpp6wacsLHMmKPG8XMTcwICYm0CeZ%2ByKxcfLEsRZRVO4s6ueflgBFj8GUEG5%2F7qAjHRXgsHWZzI%2B1CULFjpZjEKBrxW0gpC6inB6O%2BBmn2HuBsh12mI0Zzcy%2Bxkur41joiBd9kiwEPfC%2FyERIcSWOZAluc9siTzhb4Qz9yLGZLOhvL%2F5a7ehDsTeCT23oNXWBwvGb8hqxD1RyVfYW7rzt0Wp%7Ctkp%3ABk9SR8rjlbKYYg
Nike Air Jordan 1 Low Smoke Gray/Black/White 2020 Sneaker Mens Shoe Size 10.5,$71.00,https://i.ebayimg.com/thumbs/images/g/ID8AAOSwxixkUYSm/s-l300.jpg,https://www.ebay.com/itm/334910698114?epid=12052269131&hash=item4dfa3bb282:g:ID8AAOSwxixkUYSm&amdata=enc%3AAQAIAAAAwDlSs19Q%2FH4VCXHkpODhN08yX4YYJqsl5ufuaFvLOv7AD6bsfeyelx%2Br1RpDYTXuOe2cYunzrgGnKsQP6PalNA1IgfC8lmHQR3HwlnqZ9GyjHWBURF1YseItUgpFDgpyWQUZ%2F6DB%2F%2By1h2rJBPSqysiAUtItGvPt6b8bCqTNyVj%2ByFE5Y2xbPHRECa39d9MS2MJdH59fKqcW9eDkRN6MteK55YqfLo2S6S7xBKl1NUrim38J1wN%2FcAzqixV1FVrn2w%3D%3D%7Ctkp%3ABk9SR8rjlbKYYg
Nike WMNS Air Jordan 1 low SE UTL Utility White Black Red Women‚Äôs 9,$10.00,https://i.ebayimg.com/thumbs/images/g/ULoAAOSwn-NkcPDd/s-l300.jpg,https://www.ebay.com/itm/275905066053?hash=item403d393445:g:ULoAAOSwn-NkcPDd&amdata=enc%3AAQAIAAAA4BK6B2F3ZCxGQrnDJHd%2F4o4CRwhdDX%2B3vcbtvzjCp7CTFrwWqORDBgVCK20F5KXQCjfo2CTdhgv%2BlIKlQjEDcev1KaWCybSMVZCZ%2B7TmagkNBD%2BTJu9vNhcFc5oqYUfRhKjpQoYJguQJa4UQZ9coULI0NfmKTU1ev6gjLvQhWWdj%2BwaWX2nQNGrcgSntZNVnwc5JNDVlwcfLQ7sZzBFg%2B7PkyB%2BzHojO4IeJYInrUv5zXmoD%2FEsGCrkOP5UpjAuoz7TUTmzdKyjOZygztqvTzJvg3GUSN%2Boml8Yx7%2BA774SU%7Ctkp%3ABk9SR8rjlbKYYg
Nike Air Jordan 1 Low Tokyo 96 University Blue DZ5376-469 Size  Brand New,$170.89 to $195.36,https://i.ebayimg.com/thumbs/images/g/yoEAAOSwAftkfmGK/s-l300.jpg,https://www.ebay.com/itm/385657358985?epid=6056405646&hash=item59caf84a89:g:yoEAAOSwAftkfmGK&amdata=enc%3AAQAIAAAA4NVh7pqylMiV1L2wjj8%2BxnBvWCKKce4k0RPgNMOcdljs%2BdJN2ItmkGhqkmw%2FKl7fmXaGpNpUDE4TyIP0g7vcjTD4sNPYBNF3VNvpK9j%2FpU0oSVOnnE0Frb1R6kjns3i9SGLyuhMB4hIttm7yinxk80zy8iFOcuPo8d0Q94IuU04o4jZQrPt6Wgi3TBkM7FRT4ZhBtcNAa88zkifR5WAGwt5UiDAp06yMZbwJtqOmrMJD5kpZ6w9imI%2BTj4MzkF6Vw4RAPYfa8Qxr%2FHXn7EIfWQ5dj8mrOSjsdUTUyUQt1lCl%7Ctkp%3ABk9SR8rjlbKYYg
2021 Nike Air Jordan 4 Retro University Blue UNC Black CT8527-400 Men's Size 12,$185.50,https://i.ebayimg.com/thumbs/images/g/M0sAAOSwDFhkbBsa/s-l300.jpg,https://www.ebay.com/itm/155607280478?epid=11051938584&hash=item243aeaab5e:g:M0sAAOSwDFhkbBsa&amdata=enc%3AAQAIAAAAwMLEEXcJ0tnbAGkwFz07cw46Q31Kp%2BrLAY7f0GprD%2B9RQ4tjTZiO1fSTykPjmwzzMzMAIYqnoeWD2M81SknAjEA%2FXBTRMbMRRYntdea8oXRqdwKJv0sZRWt4bg1N5N%2F4MSojFgKRq2U2BKE%2F7%2FrnOhJTzD4%2FxiOspLaI0Bc7SfEVwX%2B5DrWVxGNB06UfOirFeok5ut4wvM%2B3sorxnn2hGDWblKsfjS2crspSn%2BlsaM53z4O%2Fh3pVFO1zUPEZ87uM8w%3D%3D%7Ctkp%3ABk9SR8rjlbKYYg
Nike Air Jordan 12 XII Low 'Playoff' DH4120-010 Men's Size 8 - 13 Shoes #103,$139.97 to $150.00,https://i.ebayimg.com/thumbs/images/g/x9oAAOSwe85kAUOQ/s-l300.jpg,https://www.ebay.com/itm/295325744459?epid=9045631921&hash=item44c2c93d4b:g:x9oAAOSwe85kAUOQ&amdata=enc%3AAQAIAAAA4FAPiDlt4V%2FjKZa53SVJgK6jTbi2FJ2vwKlijCXllD8tcb8%2BRImDozvo63Mx0ufaMbtkj%2B%2FJZ%2FjObLZOhTxXlnTelbxPSMdbIRppg4bLNmz7BZY7ycjC0eZxvPv2kRsG3QYBy2%2Fk%2FRBkMgP2zcAQd0by1Ww5em%2BMrQ3LZLm8U8%2B6tglvjl0d7Pzzzbhg5XAxUNgDMyA8vWnJyv8qXzNCADKlFNqppcYyYLKVK93jPvghxXJRG91edylDcifhmnrNInLWyJ6QalwDhYI2K7UFUfcQhV0lvGNiBV2gsjjq6Izs%7Ctkp%3ABk9SR8rjlbKYYg
Nike Air Jordan 1 Low Men / Unisex Classic Casual Lifestyle Shoes AJ1 Pick 1,$119.99 to $179.99,https://i.ebayimg.com/thumbs/images/g/8x4AAOSws-5kiVTa/s-l300.jpg,https://www.ebay.com/itm/314461853911?epid=13054584474&hash=item49376318d7:g:8x4AAOSws-5kiVTa&amdata=enc%3AAQAIAAAA4LiveX95fMMq7FXRS0IcY1Bv2I%2BXycBGKcx4jMFFmbG7Ph4QiZImyurr3GpgrLygztCsqR8P4YBgJUFS2opQyYOnbQV5JocNit5v2T7vub99Rt1MopcRhmGwR9F8zKKn94F%2B1ny26zuE5dBXDKY949pa0%2FEDPWw0L3rawUqVJojWMyTnPBUGop%2FfrqqF5iKjPt8RdD2MndoAmmG5Vg9rReguD5VEinrvyvJx2rSHn5TcqoktsDprgXfydHq7z03368ELngzZ60VlaZoMurt98dNE5eBGq0rP7HxBp2TaTepH%7Ctkp%3ABk9SR8zjlbKYYg
Nike Air Force 1 Custom Shoes Black Shoes White Line Splatter Sneakers All Sizes,$208.94 to $256.44,https://i.ebayimg.com/thumbs/images/g/ZXAAAOSwvzxjvunF/s-l300.jpg,https://www.ebay.com/itm/225345586061?epid=5045642385&hash=item3477a4c38d:g:ZXAAAOSwvzxjvunF&amdata=enc%3AAQAIAAAAwA8IzozQ5kLTVQAz6y5PfzO2LQh%2FxDII%2FT86iwe5Bo3%2FimhwttZATrD3C1R7o6LrkzdcWCFS6cL3yKq8GWlU7T%2BCJJezGD%2BF4ZYqijRlXYzhw4NLFuGn3eNcHfk%2B8azOftvor6O5RfAQCSoIv1NSx4sFReYmi1iLB8uhpF%2BmWvmTQyHzM8MNaUoXvDHyTTgMDpc6RcWixq%2Fb3MtFlzcm7l4opGBP4jArrw0zA6%2Bo%2FKHajEEOi6vIo4IhNUts22ON9g%3D%3D%7Ctkp%3ABk9SR8zjlbKYYg
Nike Air Jordan 1 Mid Multicolored Swoosh Red White Black 852542-146 Size 10,$25.00,https://i.ebayimg.com/thumbs/images/g/AMYAAOSwVCVkb9Gg/s-l300.jpg,https://www.ebay.com/itm/266298293798?epid=16039798292&hash=item3e009d7e26:g:AMYAAOSwVCVkb9Gg&amdata=enc%3AAQAIAAAA4EZl9KPja2%2BPc%2FntJF3Wc5uAVERLW8%2FIpxxSeGDaxTaAZtUxEX7aaDKVjUPMrBkaBm1pkz9q6AOEJlEGDW1fKSs3Hm5S8IqHYe5coLjF0QCAu2uf1DfoU8l84efBEJy2EQou%2FFLEHi1N5zJ03gWyn7odyCpgW2hzAVFoGvzuVFEftbog5zcP%2FLHZIEdaC%2FM4fKbdhqQzHdwyZtalCE6QU8%2BnfX8q%2B%2B1L7Z5GZSNErE2xEhwlKiuqE%2Fm6d9v3HOtp0p6r%2BCK9skU8muiflQyzaLmOaWX%2F0FyK%2Ff49nVljXvWg%7Ctkp%3ABk9SR8zjlbKYYg
Nike Air Jordan 1 Retro,$27.60$50.00,https://i.ebayimg.com/thumbs/images/g/-NYAAOSwT7VkdrGJ/s-l300.jpg,https://www.ebay.com/itm/334907085086?hash=item4dfa04911e:g:-NYAAOSwT7VkdrGJ&amdata=enc%3AAQAIAAAA4EjFRoU0HLRz7GEFhyRkorejX5YTgBKanoc8X8MGEFOvgJoeDZwTtXnGujCSKsk%2FS6qwKneYF%2B3Xd5nWy2XXZzKskQahMLubObzId%2FUBTiYav%2Bql4EsCxZ4zVX6ZaH%2BAHYwlZW4ODiwxSbGl%2Bzva1ojdtN1TWPB1VGACbm2i686hJFSQaBTsq7hPT7es0fgdfFIMmCBkJb%2F8nnL8YUQVOb7dkl1jGHk38w2b0zze4IOab6fsyNBDNyEHJN1i0EBw33nMIY2%2FGnoqHj4Jyo2GNAJp1%2Fk96zrhCmsks0Tjj0ai%7Ctkp%3ABk9SR8zjlbKYYg
Nike Air Jordan 14 Retro Wolf Grey Sport Blue Men's Sneakers 487471-004,$29.95,https://i.ebayimg.com/thumbs/images/g/SmcAAOSwlYtkb8oS/s-l300.jpg,https://www.ebay.com/itm/115833783012?epid=22039804828&hash=item1af83b42e4:g:SmcAAOSwlYtkb8oS&amdata=enc%3AAQAIAAAAwLDssl8m3z1KmJN07ZNLrFYFq4jnHRUWERyfhoYE9vCU4tU0LJZvFCcXGCscLeDmD1pE5zdCYJiwdXhC0PfQDgLR6k%2FMQjjxOK5vZswyP9iUIqpOkk2mW%2BljgstCWUgT3aZCUD9RtdMg6%2B7mkb6t7RrXhQ9Tyl9kZCYcS9eCppoe6Lkij3RiT%2FI4g7qLpwM%2BFmXhYIiK2DSHivmnd2kZQ8RVB8rdcr4k8XcRkjF9nKTpVGeTLZDeTOc7MBTDqM6aew%3D%3D%7Ctkp%3ABk9SR8zjlbKYYg
Sz 4-14 Nike Air Jordan 3 Retro Wizards White True Blue Cement Grey CT8532-148,$144.99 to $279.99,https://i.ebayimg.com/thumbs/images/g/NS8AAOSwzhNkSOE~/s-l300.jpg,https://www.ebay.com/itm/185871059581?epid=19057813070&hash=item2b46c74a7d:g:NS8AAOSwzhNkSOE~&amdata=enc%3AAQAIAAAAwP3kwFTvQ76ae%2Fdb29WvluZyhz51b6jkMCs%2BbByzYqEYnK%2FRDbttCBzSmd8HN7KOriPgy502YKiraV7qo4jqRdqudu22tHUyZNrMRKKqvx%2FC3IQLt7FG0uQ2WQ6e754FNVcLCPUWfsNiALFObphhcuM9s8ZnXWzgubu53xkyobueTIJOKfNN1HjrkLWFGQaFWQ30mBN1QJm2ZPb4E1pIq9fsI718evMPRoL0dcDwcU8QAaWWbEMxUGwCqKTCz71zdQ%3D%3D%7Ctkp%3ABk9SR8zjlbKYYg
Nike Mens Air Jordan 1 Mid 554724-125 Multicolor Basketball Shoes Sneaker Sz 9.5,$58.49,https://i.ebayimg.com/thumbs/images/g/5McAAOSw2PZkfuqn/s-l300.jpg,https://www.ebay.com/itm/204366510550?epid=17039801515&hash=item2f953179d6:g:5McAAOSw2PZkfuqn&amdata=enc%3AAQAIAAAA4OupJA6m18u32tvBNvShNUO%2BXGVDVRagEN1PcGEtqKOMg%2FmBGfZm%2FJZV%2BM9WK1poH6E%2BzJMhUMwbWi%2BxUnIIKQvXVmj%2F1e%2F7PHiJN7uRNh%2BHGuhZc3wDYRkdlJVA8TmSUBkgiMHadXi3k6AeKsn2X6H7pXIlKwViG2sZRXoQM1Yptwuz3sbFMy2teAN5jgPFRwT%2BhYNZ%2F5RBvg4TLUKJ%2FPGYf9vwMQVlw9ACgb2QxCE4oru8NotmolOBjXQYJp6NRIRVrXSp8j8MoVpuwCXM%2B18bjt5H3ioQS0cOjFVZG3nN%7Ctkp%3ABFBMzOOVsphi
"2006 NIKE AIR JORDAN ""BUZZER BEATER"" TANK VEST JERSEY RETRO OG DS VTG BNWT (M)",$47.09,https://i.ebayimg.com/thumbs/images/g/AmIAAOSwDndkNCkU/s-l300.jpg,https://www.ebay.com/itm/285228789871?hash=item4268f5f06f:g:AmIAAOSwDndkNCkU&amdata=enc%3AAQAIAAAA8JtXS9KJBmg3tVnMyxEygnlTWKvp0hl71BIh2JZ06t1hUHT5NjvnWj%2BaVvGlGGubDi17fO%2ByJMa5aAdAyYI%2BuJUqtx83rP5Yd45a5KvO%2FNInJJ3kmEO70uED2mFKoVyWAq0lRNXONgXdCBkOflT%2Fqu405S1RueGTHvXzdsk7c2EQtsa7CtfAKcdHEt8iTj6FHVvDKEvY8vVSFNOPw9n0UuiIeqVeUkmATElpKATgnmZ50nYv%2Fucw2M9yljnfc8jgmGR%2FeAx24inUNzFtWbPq8h%2Fwa4BvJbShIUiFP79yJtW3cZdDoWxpUWndRCfzkp7eCA%3D%3D%7Ctkp%3ABFBMzOOVsphi